{"sections":{"main":{"type":"main-page","settings":{"padding_top":28,"padding_bottom":28}},"collage_HQ9mGm":{"type":"collage","blocks":{"image_VhrfjG":{"type":"image","settings":{"image":"shopify:\/\/shop_images\/Image_6.jpg"}},"image_UyPjKd":{"type":"image","settings":{"image":"shopify:\/\/shop_images\/Image_5.jpg"}},"image_9MeRCF":{"type":"image","settings":{"image":"shopify:\/\/shop_images\/Image_7.jpg"}}},"block_order":["image_VhrfjG","image_UyPjKd","image_9MeRCF"],"settings":{"heading":"","heading_size":"h1","desktop_layout":"left","mobile_layout":"column","card_styles":"none","color_scheme":"","padding_top":36,"padding_bottom":36}}},"order":["main","collage_HQ9mGm"]}